gx,gy,gz,avg_x,avg_y,avg_z,max_x,min_x,max_y,min_y,max_z,min_z
-0.250809,-1.658243,-0.544772,-0.191198,-1.404492,-0.357822,0,-0.250809,0,-1.658243,0,-0.544772
-0.266191,-1.851859,-0.663187,-0.251578,-1.667924,-0.550693,0,-0.266191,0,-1.851859,0,-0.663187
-0.176585,-2.044009,-0.756211,-0.261711,-1.861466,-0.667838,0,-0.266191,0,-2.044009,0,-0.756211
-0.119697,-2.069645,-0.679058,-0.173741,-2.045291,-0.752353,0,-0.266191,0,-2.069645,0,-0.756211
-0.034243,-1.979796,-0.525972,-0.115424,-2.065153,-0.671404,0,-0.266191,0,-2.069645,0,-0.756211
0.046817,-1.826955,-0.45004,-0.03019,-1.972154,-0.522175,0.046817,-0.266191,0,-2.069645,0,-0.756211
0.056339,-1.798144,-0.436123,0.047293,-1.825514,-0.449344,0.056339,-0.266191,0,-2.069645,0,-0.756211
0.26265,-1.296405,-0.207349,0.066655,-1.773057,-0.424684,0.26265,-0.266191,0,-2.069645,0,-0.756211
0.480925,-0.697125,0.111884,0.273564,-1.266441,-0.191387,0.480925,-0.266191,0,-2.069645,0.111884,-0.756211
0.555149,-0.457364,0.287554,0.484636,-0.685137,0.120668,0.555149,-0.266191,0,-2.069645,0.287554,-0.756211
0.678691,0.071843,0.834218,0.561326,-0.430904,0.314887,0.678691,-0.266191,0.071843,-2.069645,0.834218,-0.756211
0.763169,0.411585,1.100592,0.682915,0.08883,0.847537,0.763169,-0.266191,0.411585,-2.069645,1.100592,-0.756211
1.007569,3.581822,1.817555,0.775389,0.570097,1.13644,1.007569,-0.266191,3.581822,-2.069645,1.817555,-0.756211
1.05054,4.000183,1.70683,1.009718,3.60274,1.812019,1.05054,-0.266191,4.000183,-2.069645,1.817555,-0.756211
1.091558,4.000183,1.65336,1.052591,4.000183,1.704156,1.091558,-0.266191,4.000183,-2.069645,1.817555,-0.756211
1.038943,4.000183,1.784838,1.088927,4.000183,1.659934,1.091558,-0.266191,4.000183,-2.069645,1.817555,-0.756211
0.955564,4.000183,1.824513,1.034774,4.000183,1.786822,1.091558,-0.266191,4.000183,-2.069645,1.824513,-0.756211
0.94653,3.811573,1.473418,0.955112,3.990752,1.806958,1.091558,-0.266191,4.000183,-2.069645,1.824513,-0.756211
0.914546,3.442044,1.263077,0.944931,3.793097,1.462901,1.091558,-0.266191,4.000183,-2.069645,1.824513,-0.756211
0.859122,2.775377,1.055667,0.911775,3.408711,1.252706,1.091558,-0.266191,4.000183,-2.069645,1.824513,-0.756211
0.791735,2.154978,0.91186,0.855753,2.744357,1.048477,1.091558,-0.266191,4.000183,-2.069645,1.824513,-0.756211
0.749496,1.880913,0.870109,0.789623,2.141275,0.909772,1.091558,-0.266191,4.000183,-2.069645,1.824513,-0.756211
0.6334,1.118171,0.861564,0.743691,1.842776,0.869682,1.091558,-0.266191,4.000183,-2.069645,1.824513,-0.756211
0.542941,0.714704,0.888177,0.628877,1.097998,0.862895,1.091558,-0.266191,4.000183,-2.069645,1.824513,-0.756211
0.34371,0.184887,0.872551,0.532979,0.688213,0.887396,1.091558,-0.266191,4.000183,-2.069645,1.824513,-0.756211
0.197705,-0.337484,0.662455,0.33641,0.158768,0.862046,1.091558,-0.266191,4.000183,-2.069645,1.824513,-0.756211
0.038149,-0.612037,0.392419,0.189727,-0.351212,0.648953,1.091558,-0.266191,4.000183,-2.069645,1.824513,-0.756211
-0.085515,-1.110847,0.057315,0.031966,-0.636978,0.375664,1.091558,-0.266191,4.000183,-2.069645,1.824513,-0.756211
-0.21858,-1.366111,-0.169993,-0.092168,-1.12361,0.04595,1.091558,-0.266191,4.000183,-2.069645,1.824513,-0.756211
-0.280596,-1.513215,-0.287676,-0.221681,-1.373466,-0.175877,1.091558,-0.280596,4.000183,-2.069645,1.824513,-0.756211
-0.327474,-1.651285,-0.330403,-0.28294,-1.520118,-0.289812,1.091558,-0.327474,4.000183,-2.069645,1.824513,-0.756211
-0.261552,-1.917048,-0.219801,-0.324178,-1.664573,-0.324873,1.091558,-0.327474,4.000183,-2.069645,1.824513,-0.756211
-0.185619,-2.041811,-0.060367,-0.257755,-1.923286,-0.211829,1.091558,-0.327474,4.000183,-2.069645,1.824513,-0.756211
0.159739,-1.843069,0.121895,-0.168351,-2.031874,-0.051254,1.091558,-0.327474,4.000183,-2.069645,1.824513,-0.756211
0.29317,-1.672893,0.12983,0.166411,-1.83456,0.122292,1.091558,-0.327474,4.000183,-2.069645,1.824513,-0.756211
0.57224,-0.954587,0.142282,0.307123,-1.636978,0.130453,1.091558,-0.327474,4.000183,-2.069645,1.824513,-0.756211
0.693341,-0.603736,0.199414,0.578295,-0.937044,0.145139,1.091558,-0.327474,4.000183,-2.069645,1.824513,-0.756211
0.886346,0.197095,0.458707,0.702991,-0.563694,0.212379,1.091558,-0.327474,4.000183,-2.069645,1.824513,-0.756211
0.926998,0.642678,0.784899,0.888379,0.219374,0.475017,1.091558,-0.327474,4.000183,-2.069645,1.824513,-0.756211
0.938107,1.83489,1.488433,0.927553,0.702289,0.820076,1.091558,-0.327474,4.000183,-2.069645,1.824513,-0.756211
0.907221,3.652628,1.927303,0.936563,1.925777,1.510377,1.091558,-0.327474,4.000183,-2.069645,1.927303,-0.756211
0.846304,4.000183,2.062077,0.904175,3.670006,1.934042,1.091558,-0.327474,4.000183,-2.069645,2.062077,-0.756211
0.856192,4.000183,2.198071,0.846798,4.000183,2.068877,1.091558,-0.327474,4.000183,-2.069645,2.198071,-0.756211
0.815296,4.000183,2.238357,0.854147,4.000183,2.200085,1.091558,-0.327474,4.000183,-2.069645,2.238357,-0.756211
0.783922,4.000183,2.21443,0.813727,4.000183,2.237161,1.091558,-0.327474,4.000183,-2.069645,2.238357,-0.756211
0.734237,4.000183,2.158274,0.781438,4.000183,2.211622,1.091558,-0.327474,4.000183,-2.069645,2.238357,-0.756211
0.668559,3.785449,2.018373,0.730953,3.989446,2.151279,1.091558,-0.327474,4.000183,-2.069645,2.238357,-0.756211
0.631081,2.991699,1.657511,0.666685,3.745761,2.00033,1.091558,-0.327474,4.000183,-2.069645,2.238357,-0.756211
0.640847,2.071965,1.271257,0.631569,2.945712,1.638198,1.091558,-0.327474,4.000183,-2.069645,2.238357,-0.756211
0.644754,1.796191,1.1504,0.641042,2.058176,1.265214,1.091558,-0.327474,4.000183,-2.069645,2.238357,-0.756211
0.635232,1.45889,1.010743,0.644278,1.779326,1.143417,1.091558,-0.327474,4.000183,-2.069645,2.238357,-0.756211
0.614967,1.315327,0.969236,0.634219,1.451712,1.008668,1.091558,-0.327474,4.000183,-2.069645,2.238357,-0.756211
0.400354,0.144357,0.823964,0.604236,1.256778,0.961972,1.091558,-0.327474,4.000183,-2.069645,2.238357,-0.756211
0.350791,-0.188671,0.683574,0.397876,0.127706,0.816944,1.091558,-0.327474,4.000183,-2.069645,2.238357,-0.756211
0.191235,-0.65391,0.260087,0.342813,-0.211933,0.6624,1.091558,-0.327474,4.000183,-2.069645,2.238357,-0.756211
0.09284,-0.898675,-0.044619,0.186315,-0.666148,0.244852,1.091558,-0.327474,4.000183,-2.069645,2.238357,-0.756211
0.049747,-1.017823,-0.189037,0.090685,-0.904632,-0.05184,1.091558,-0.327474,4.000183,-2.069645,2.238357,-0.756211
-0.093328,-1.255143,-0.516938,0.042593,-1.029689,-0.205432,1.091558,-0.327474,4.000183,-2.069645,2.238357,-0.756211
-0.199536,-1.557163,-0.531588,-0.098638,-1.270244,-0.51767,1.091558,-0.327474,4.000183,-2.069645,2.238357,-0.756211
-0.284868,-1.880181,-0.434414,-0.203803,-1.573314,-0.526729,1.091558,-0.327474,4.000183,-2.069645,2.238357,-0.756211
-0.304279,-1.964658,-0.414881,-0.285839,-1.884405,-0.433437,1.091558,-0.327474,4.000183,-2.069645,2.238357,-0.756211
-0.17805,-2.281084,-0.320027,-0.297968,-1.980479,-0.410138,1.091558,-0.327474,4.000183,-2.281084,2.238357,-0.756211
0.012147,-2.263627,-0.296588,-0.16854,-2.280211,-0.318855,1.091558,-0.327474,4.000183,-2.281084,2.238357,-0.756211
0.336629,-1.60282,-0.050113,0.028371,-2.230587,-0.284264,1.091558,-0.327474,4.000183,-2.281084,2.238357,-0.756211
0.626686,-0.836172,0.156687,0.351132,-1.564488,-0.039773,1.091558,-0.327474,4.000183,-2.281084,2.238357,-0.756211
0.759507,-0.106879,0.534395,0.633327,-0.799707,0.175572,1.091558,-0.327474,4.000183,-2.281084,2.238357,-0.756211
0.705304,1.359275,1.685589,0.756797,-0.033571,0.591955,1.091558,-0.327474,4.000183,-2.281084,2.238357,-0.756211
0.647439,2.188427,2.029115,0.702411,1.400733,1.702765,1.091558,-0.327474,4.000183,-2.281084,2.238357,-0.756211
0.668071,3.430934,2.221876,0.648471,2.250552,2.038753,1.091558,-0.327474,4.000183,-2.281084,2.238357,-0.756211
0.750961,4.000183,2.315266,0.672215,3.459396,2.226546,1.091558,-0.327474,4.000183,-2.281084,2.315266,-0.756211
0.666239,4.000183,2.294024,0.746725,4.000183,2.314204,1.091558,-0.327474,4.000183,-2.281084,2.315266,-0.756211
0.663798,4.000183,2.282549,0.666117,4.000183,2.29345,1.091558,-0.327474,4.000183,-2.281084,2.315266,-0.756211
0.623512,4.000183,2.15217,0.661784,4.000183,2.27603,1.091558,-0.327474,4.000183,-2.281084,2.315266,-0.756211
0.579564,3.694623,2.038149,0.621315,3.984905,2.146469,1.091558,-0.327474,4.000183,-2.281084,2.315266,-0.756211
0.566624,2.925777,1.681926,0.578917,3.656181,2.020338,1.091558,-0.327474,4.000183,-2.281084,2.315266,-0.756211
0.59104,2.623756,1.481963,0.567845,2.910676,1.671928,1.091558,-0.327474,4.000183,-2.281084,2.315266,-0.756211
0.598975,2.251053,1.305561,0.591437,2.605121,1.473143,1.091558,-0.327474,4.000183,-2.281084,2.315266,-0.756211
0.60105,1.856498,1.199841,0.599079,2.231325,1.300275,1.091558,-0.327474,4.000183,-2.281084,2.315266,-0.756211
0.595434,1.437405,1.12574,0.600769,1.835543,1.196136,1.091558,-0.327474,4.000183,-2.281084,2.315266,-0.756211
0.571263,0.886346,1.030764,0.594225,1.409852,1.120991,1.091558,-0.327474,4.000183,-2.281084,2.315266,-0.756211
0.503388,0.619972,0.948483,0.567869,0.873027,1.02665,1.091558,-0.327474,4.000183,-2.281084,2.315266,-0.756211
0.430874,0.280107,0.884026,0.499762,0.602979,0.94526,1.091558,-0.327474,4.000183,-2.281084,2.315266,-0.756211
0.409876,0.009095,0.780504,0.429824,0.266556,0.87885,1.091558,-0.327474,4.000183,-2.281084,2.315266,-0.756211
0.285601,-0.558323,0.36837,0.403662,-0.019276,0.759897,1.091558,-0.327474,4.000183,-2.281084,2.315266,-0.756211
0.195263,-0.799792,0.09516,0.281084,-0.570396,0.354709,1.091558,-0.327474,4.000183,-2.281084,2.315266,-0.756211
0.18623,-0.820057,0.075139,0.194811,-0.800805,0.094159,1.091558,-0.327474,4.000183,-2.281084,2.315266,-0.756211
0.056583,-0.975584,-0.220045,0.179748,-0.827833,0.06038,1.091558,-0.327474,4.000183,-2.281084,2.315266,-0.756211
-0.048892,-0.985595,-0.36312,0.051309,-0.976085,-0.227199,1.091558,-0.327474,4.000183,-2.281084,2.315266,-0.756211
-0.283037,-1.250259,-0.572362,-0.060599,-0.998828,-0.373582,1.091558,-0.327474,4.000183,-2.281084,2.315266,-0.756211
-0.357016,-1.467558,-0.57578,-0.286736,-1.261124,-0.572533,1.091558,-0.357016,4.000183,-2.281084,2.315266,-0.756211
-0.251907,-2.192456,-0.413905,-0.351761,-1.503803,-0.567686,1.091558,-0.357016,4.000183,-2.281084,2.315266,-0.756211
-0.171824,-2.445157,-0.383141,-0.247903,-2.205091,-0.412367,1.091558,-0.357016,4.000183,-2.445157,2.315266,-0.756211
0.485808,-1.178722,-0.113593,-0.138942,-2.381835,-0.369664,1.091558,-0.357016,4.000183,-2.445157,2.315266,-0.756211
0.527071,-0.928707,-0.088201,0.487871,-1.166221,-0.112323,1.091558,-0.357016,4.000183,-2.445157,2.315266,-0.756211
0.634743,-0.500702,0.201856,0.532455,-0.907307,-0.073698,1.091558,-0.357016,4.000183,-2.445157,2.315266,-0.756211
0.672343,-0.394006,0.362144,0.636623,-0.495367,0.20987,1.091558,-0.357016,4.000183,-2.445157,2.315266,-0.756211
0.856681,0.117256,1.008545,0.68156,-0.368443,0.394464,1.091558,-0.357016,4.000183,-2.445157,2.315266,-0.756211
0.88012,1.27382,1.590368,0.857853,0.175084,1.037636,1.091558,-0.357016,4.000183,-2.445157,2.315266,-0.756211
0.831289,3.356223,2.156809,0.877678,1.37794,1.61869,1.091558,-0.357016,4.000183,-2.445157,2.315266,-0.756211
0.831533,4.000183,2.262284,0.831301,3.388421,2.162083,1.091558,-0.357016,4.000183,-2.445157,2.315266,-0.756211
0.668681,4.000183,2.544039,0.82339,4.000183,2.276372,1.091558,-0.357016,4.000183,-2.445157,2.544039,-0.756211
0.642068,3.900201,2.257401,0.66735,3.995184,2.529707,1.091558,-0.357016,4.000183,-2.445157,2.544039,-0.756211
0.542453,3.817921,2.232497,0.637087,3.896087,2.256156,1.091558,-0.357016,4.000183,-2.445157,2.544039,-0.756211
0.474577,3.817921,2.131417,0.539059,3.817921,2.227443,1.091558,-0.357016,4.000183,-2.445157,2.544039,-0.756211
0.561619,3.110236,1.873711,0.478929,3.782537,2.118532,1.091558,-0.357016,4.000183,-2.445157,2.544039,-0.756211
0.596655,2.610084,1.69682,0.563371,3.085228,1.864866,1.091558,-0.357016,4.000183,-2.445157,2.544039,-0.756211
0.596411,1.746017,1.486602,0.596643,2.566881,1.686309,1.091558,-0.357016,4.000183,-2.445157,2.544039,-0.756211
0.555149,1.458402,1.415553,0.594348,1.731636,1.48305,1.091558,-0.357016,4.000183,-2.445157,2.544039,-0.756211
0.537081,1.213514,1.355002,0.554246,1.446158,1.412525,1.091558,-0.357016,4.000183,-2.445157,2.544039,-0.756211
0.544162,0.941036,1.266862,0.537435,1.19989,1.350595,1.091558,-0.357016,4.000183,-2.445157,2.544039,-0.756211
0.50119,0.315022,1.052982,0.542013,0.909735,1.256168,1.091558,-0.357016,4.000183,-2.445157,2.544039,-0.756211
0.466032,0.053531,0.958494,0.499432,0.301947,1.048258,1.091558,-0.357016,4.000183,-2.445157,2.544039,-0.756211
0.416957,-0.18745,0.843252,0.463578,0.041482,0.952732,1.091558,-0.357016,4.000183,-2.445157,2.544039,-0.756211
0.336385,-0.673564,0.451138,0.412928,-0.211756,0.823646,1.091558,-0.357016,4.000183,-2.445157,2.544039,-0.756211
0.280474,-0.792468,0.182567,0.333589,-0.679509,0.437709,1.091558,-0.357016,4.000183,-2.445157,2.544039,-0.756211
0.18916,-0.91772,-0.215406,0.275908,-0.798731,0.162668,1.091558,-0.357016,4.000183,-2.445157,2.544039,-0.756211
0.135567,-0.978514,-0.376549,0.18648,-0.92076,-0.223463,1.091558,-0.357016,4.000183,-2.445157,2.544039,-0.756211
-0.044497,-1.346457,-0.634133,0.126564,-0.996911,-0.389428,1.091558,-0.357016,4.000183,-2.445157,2.544039,-0.756211
-0.130684,-1.565464,-0.63218,-0.048806,-1.357407,-0.634035,1.091558,-0.357016,4.000183,-2.445157,2.544039,-0.756211
-0.16511,-1.820118,-0.632424,-0.132405,-1.578197,-0.632192,1.091558,-0.357016,4.000183,-2.445157,2.544039,-0.756211
-0.179027,-2.095526,-0.612647,-0.165806,-1.833888,-0.631435,1.091558,-0.357016,4.000183,-2.445157,2.544039,-0.756211
-0.152658,-2.362876,-0.61753,-0.177709,-2.108893,-0.612891,1.091558,-0.357016,4.000183,-2.445157,2.544039,-0.756211
-0.0987,-2.53232,-0.54526,-0.14996,-2.371348,-0.613917,1.091558,-0.357016,4.000183,-2.53232,2.544039,-0.756211
-0.042056,-2.376793,-0.383385,-0.095868,-2.524544,-0.537166,1.091558,-0.357016,4.000183,-2.53232,2.544039,-0.756211
0.181347,-1.618568,0.138131,-0.030886,-2.338882,-0.357309,1.091558,-0.357016,4.000183,-2.53232,2.544039,-0.756211
0.343222,-1.234267,0.253372,0.189441,-1.599353,0.143893,1.091558,-0.357016,4.000183,-2.53232,2.544039,-0.756211
0.533297,-0.334798,0.214552,0.352726,-1.189294,0.251431,1.091558,-0.357016,4.000183,-2.53232,2.544039,-0.756211
0.561008,-0.077336,0.335409,0.534683,-0.321925,0.220595,1.091558,-0.357016,4.000183,-2.53232,2.544039,-0.756211
0.597632,0.109199,0.544406,0.562839,-0.068009,0.345859,1.091558,-0.357016,4.000183,-2.53232,2.544039,-0.756211
0.610206,0.179515,0.600806,0.598261,0.112715,0.547226,1.091558,-0.357016,4.000183,-2.53232,2.544039,-0.756211
0.620582,0.198071,0.6616,0.610725,0.180443,0.603846,1.091558,-0.357016,4.000183,-2.53232,2.544039,-0.756211
0.678691,0.698956,1.262467,0.623487,0.223115,0.691643,1.091558,-0.357016,4.000183,-2.53232,2.544039,-0.756211
0.781115,2.162425,2.03351,0.683812,0.772129,1.301019,1.091558,-0.357016,4.000183,-2.53232,2.544039,-0.756211
0.876457,3.333639,2.193676,0.785882,2.220986,2.041518,1.091558,-0.357016,4.000183,-2.53232,2.544039,-0.756211
1.023439,4.000183,1.788378,0.883806,3.366966,2.173411,1.091558,-0.357016,4.000183,-2.53232,2.544039,-0.756211
0.849844,4.000183,1.4512,1.014759,4.000183,1.771519,1.091558,-0.357016,4.000183,-2.53232,2.544039,-0.756211
0.735824,3.650918,1.366477,0.844143,3.98272,1.446964,1.091558,-0.357016,4.000183,-2.53232,2.544039,-0.756211
0.670146,2.770005,1.137215,0.73254,3.606872,1.355014,1.091558,-0.357016,4.000183,-2.53232,2.544039,-0.756211
0.614234,2.13691,1.093756,0.66735,2.73835,1.135042,1.091558,-0.357016,4.000183,-2.53232,2.544039,-0.756211
0.48825,1.425685,1.27907,0.607935,2.101349,1.103022,1.091558,-0.357016,4.000183,-2.53232,2.544039,-0.756211
0.448819,1.137948,1.32082,0.486278,1.411298,1.281158,1.091558,-0.357016,4.000183,-2.53232,2.544039,-0.756211
0.348837,0.494232,1.205823,0.44382,1.105762,1.31507,1.091558,-0.357016,4.000183,-2.53232,2.544039,-0.756211
0.257767,-0.056583,0.942868,0.344283,0.466691,1.192675,1.091558,-0.357016,4.000183,-2.53232,2.544039,-0.756211
0.188915,-0.282427,0.728377,0.254324,-0.067875,0.932143,1.091558,-0.357016,4.000183,-2.53232,2.544039,-0.756211
0.08344,-0.608008,0.330526,0.183641,-0.298706,0.708484,1.091558,-0.357016,4.000183,-2.53232,2.544039,-0.756211
0.004578,-0.681133,0.086736,0.079497,-0.611664,0.318336,1.091558,-0.357016,4.000183,-2.53232,2.544039,-0.756211
-0.031313,-0.792224,-0.06818,0.002783,-0.686688,0.07899,1.091558,-0.357016,4.000183,-2.53232,2.544039,-0.756211
-0.093817,-0.906,-0.253372,-0.034438,-0.797913,-0.07744,1.091558,-0.357016,4.000183,-2.53232,2.544039,-0.756211
-0.149362,-0.982421,-0.371666,-0.096594,-0.909821,-0.259287,1.091558,-0.357016,4.000183,-2.53232,2.544039,-0.756211
-0.295001,-1.305072,-0.575291,-0.156644,-0.998554,-0.381847,1.091558,-0.357016,4.000183,-2.53232,2.544039,-0.756211
-0.301105,-1.954648,-0.652933,-0.295306,-1.337551,-0.579173,1.091558,-0.357016,4.000183,-2.53232,2.544039,-0.756211
-0.216261,-2.716291,-0.583471,-0.296863,-1.99273,-0.64946,1.091558,-0.357016,4.000183,-2.716291,2.544039,-0.756211
-0.070134,-2.566502,-0.270585,-0.208955,-2.708802,-0.567827,1.091558,-0.357016,4.000183,-2.716291,2.544039,-0.756211
0.085393,-2.288165,-0.105048,-0.062358,-2.552585,-0.262308,1.091558,-0.357016,4.000183,-2.716291,2.544039,-0.756211
0.59104,-1.398218,-0.023988,0.110675,-2.243668,-0.100995,1.091558,-0.357016,4.000183,-2.716291,2.544039,-0.756211
0.780016,-0.746811,0.0517,0.600489,-1.365648,-0.020204,1.091558,-0.357016,4.000183,-2.716291,2.544039,-0.756211
0.822987,-0.450406,0.317829,0.782165,-0.731991,0.065006,1.091558,-0.357016,4.000183,-2.716291,2.544039,-0.756211
0.888177,-0.015321,1.04761,0.826246,-0.428652,0.354318,1.091558,-0.357016,4.000183,-2.716291,2.544039,-0.756211
0.918818,0.53879,1.652628,0.889709,0.012385,1.077861,1.091558,-0.357016,4.000183,-2.716291,2.544039,-0.756211
0.996094,1.029909,1.897272,0.922682,0.563346,1.66486,1.091558,-0.357016,4.000183,-2.716291,2.544039,-0.756211
1.147714,2.656229,2.182689,1.003675,1.111225,1.911543,1.147714,-0.357016,4.000183,-2.716291,2.544039,-0.756211
1.154795,3.404566,2.22151,1.148068,2.693646,2.18463,1.154795,-0.357016,4.000183,-2.716291,2.544039,-0.756211
1.028322,4.000183,2.19978,1.148471,3.434347,2.220423,1.154795,-0.357016,4.000183,-2.716291,2.544039,-0.756211
0.803943,4.000183,2.319783,1.017103,4.000183,2.20578,1.154795,-0.357016,4.000183,-2.716291,2.544039,-0.756211
0.760728,4.000183,2.425868,0.801782,4.000183,2.325087,1.154795,-0.357016,4.000183,-2.716291,2.544039,-0.756211
0.577733,4.000183,2.45297,0.751578,4.000183,2.427223,1.154795,-0.357016,4.000183,-2.716291,2.544039,-0.756211
0.518525,4.000183,2.479827,0.574773,4.000183,2.454313,1.154795,-0.357016,4.000183,-2.716291,2.544039,-0.756211
0.542697,2.865959,1.979552,0.519734,3.943472,2.454813,1.154795,-0.357016,4.000183,-2.716291,2.544039,-0.756211
0.641335,2.281939,1.58988,0.547629,2.836758,1.960068,1.154795,-0.357016,4.000183,-2.716291,2.544039,-0.756211
0.67625,1.786425,1.310688,0.643081,2.257163,1.57592,1.154795,-0.357016,4.000183,-2.716291,2.544039,-0.756211
0.65452,1.567539,1.236587,0.675163,1.775481,1.306983,1.154795,-0.357016,4.000183,-2.716291,2.544039,-0.756211
0.631081,1.238662,1.172618,0.653348,1.551095,1.233389,1.154795,-0.357016,4.000183,-2.716291,2.544039,-0.756211
0.567967,0.675029,1.10694,0.627925,1.21048,1.169334,1.154795,-0.357016,4.000183,-2.716291,2.544039,-0.756211
0.522554,0.41012,1.031374,0.565696,0.661784,1.103162,1.154795,-0.357016,4.000183,-2.716291,2.544039,-0.756211
0.44357,-0.003113,0.850821,0.518605,0.389458,1.022346,1.154795,-0.357016,4.000183,-2.716291,2.544039,-0.756211
0.433315,-0.292681,0.712141,0.443057,-0.017591,0.843887,1.154795,-0.357016,4.000183,-2.716291,2.544039,-0.756211
0.028505,-1.079839,-0.404138,0.413075,-0.332039,0.656327,1.154795,-0.357016,4.000183,-2.716291,2.544039,-0.756211
-0.210035,-1.42776,-0.600195,0.016578,-1.097235,-0.413941,1.154795,-0.357016,4.000183,-2.716291,2.544039,-0.756211
-0.282549,-1.657511,-0.590185,-0.213661,-1.439248,-0.599694,1.154795,-0.357016,4.000183,-2.716291,2.544039,-0.756211
-0.366783,-2.082341,-0.554538,-0.286761,-1.678752,-0.588403,1.154795,-0.366783,4.000183,-2.716291,2.544039,-0.756211
-0.329671,-2.236159,-0.515718,-0.364927,-2.090032,-0.552597,1.154795,-0.366783,4.000183,-2.716291,2.544039,-0.756211
-0.264237,-2.243972,-0.466886,-0.326399,-2.23655,-0.513276,1.154795,-0.366783,4.000183,-2.716291,2.544039,-0.756211
-0.180248,-2.141183,-0.388512,-0.260038,-2.238833,-0.462967,1.154795,-0.366783,4.000183,-2.716291,2.544039,-0.756211
-0.010804,-1.788622,-0.130684,-0.171776,-2.123555,-0.375621,1.154795,-0.366783,4.000183,-2.716291,2.544039,-0.756211
0.119941,-1.567784,0.021669,-0.004267,-1.77758,-0.123066,1.154795,-0.366783,4.000183,-2.716291,2.544039,-0.756211
0.357871,-1.079351,0.182811,0.131837,-1.543362,0.029726,1.154795,-0.366783,4.000183,-2.716291,2.544039,-0.756211
0.577855,-0.496307,0.38131,0.36887,-1.050199,0.192736,1.154795,-0.366783,4.000183,-2.716291,2.544039,-0.756211
0.662089,-0.028017,0.89721,0.582067,-0.472892,0.407105,1.154795,-0.366783,4.000183,-2.716291,2.544039,-0.756211
0.652811,0.441494,1.408594,0.661625,-0.004541,0.922779,1.154795,-0.366783,4.000183,-2.716291,2.544039,-0.756211
0.721907,1.177867,1.958066,0.656266,0.478313,1.436068,1.154795,-0.366783,4.000183,-2.716291,2.544039,-0.756211
0.974852,3.239761,2.218092,0.734554,1.280962,1.971067,1.154795,-0.366783,4.000183,-2.716291,2.544039,-0.756211
0.991455,4.000183,2.014955,0.975682,3.277782,2.207935,1.154795,-0.366783,4.000183,-2.716291,2.544039,-0.756211
1.009034,4.000183,1.89544,0.992334,4.000183,2.008979,1.154795,-0.366783,4.000183,-2.716291,2.544039,-0.756211
1.046145,4.000183,1.904108,1.01089,4.000183,1.895873,1.154795,-0.366783,4.000183,-2.716291,2.544039,-0.756211
0.852896,4.000183,2.034853,1.036483,4.000183,1.910645,1.154795,-0.366783,4.000183,-2.716291,2.544039,-0.756211
0.780504,4.000183,2.195385,0.849276,4.000183,2.04288,1.154795,-0.366783,4.000183,-2.716291,2.544039,-0.756211
0.698102,4.000183,2.203198,0.776384,4.000183,2.195776,1.154795,-0.366783,4.000183,-2.716291,2.544039,-0.756211
0.605445,3.771654,2.126289,0.693469,3.988757,2.199353,1.154795,-0.366783,4.000183,-2.716291,2.544039,-0.756211
0.593603,2.875237,1.745163,0.604853,3.726833,2.107233,1.154795,-0.366783,4.000183,-2.716291,2.544039,-0.756211
0.644998,2.458219,1.616249,0.596173,2.854386,1.738717,1.154795,-0.366783,4.000183,-2.716291,2.544039,-0.756211
0.659647,2.102973,1.511018,0.64573,2.440457,1.610987,1.154795,-0.366783,4.000183,-2.716291,2.544039,-0.756211
0.558079,1.385155,1.43362,0.654569,2.067082,1.507148,1.154795,-0.366783,4.000183,-2.716291,2.544039,-0.756211
0.515962,1.102667,1.46475,0.555973,1.371031,1.435177,1.154795,-0.366783,4.000183,-2.716291,2.544039,-0.756211
0.485564,0.831655,1.425319,0.514442,1.089116,1.462778,1.154795,-0.366783,4.000183,-2.716291,2.544039,-0.756211
0.462614,0.263749,1.262955,0.484417,0.80326,1.417201,1.154795,-0.366783,4.000183,-2.716291,2.544039,-0.756211
0.399133,-0.344442,0.996826,0.45944,0.233339,1.249649,1.154795,-0.366783,4.000183,-2.716291,2.544039,-0.756211
0.291461,-0.708722,0.705793,0.393749,-0.362656,0.982274,1.154795,-0.366783,4.000183,-2.716291,2.544039,-0.756211
0.21504,-0.844717,0.521211,0.28764,-0.715522,0.696564,1.154795,-0.366783,4.000183,-2.716291,2.544039,-0.756211
0.028993,-1.114143,-0.036806,0.205738,-0.858188,0.49331,1.154795,-0.366783,4.000183,-2.716291,2.544039,-0.756211
-0.178783,-1.696332,-0.564304,0.018604,-1.143252,-0.063181,1.154795,-0.366783,4.000183,-2.716291,2.544039,-0.756211
-0.294757,-2.028505,-0.677471,-0.184582,-1.712941,-0.569962,1.154795,-0.366783,4.000183,-2.716291,2.544039,-0.756211
-0.415736,-2.853995,-0.520967,-0.300806,-2.06978,-0.669646,1.154795,-0.415736,4.000183,-2.853995,2.544039,-0.756211
-0.379235,-2.934444,-0.398035,-0.413911,-2.858017,-0.51482,1.154795,-0.415736,4.000183,-2.934444,2.544039,-0.756211
-0.372154,-2.939083,-0.387536,-0.378881,-2.934676,-0.39751,1.154795,-0.415736,4.000183,-2.939083,2.544039,-0.756211
-0.089666,-2.617042,-0.177562,-0.35803,-2.922981,-0.377037,1.154795,-0.415736,4.000183,-2.939083,2.544039,-0.756211
0.091253,-2.379235,-0.035464,-0.08062,-2.605152,-0.170457,1.154795,-0.415736,4.000183,-2.939083,2.544039,-0.756211
0.442837,-1.7227,0.166453,0.108832,-2.346408,-0.025368,1.154795,-0.415736,4.000183,-2.939083,2.544039,-0.756211
0.614967,-1.236587,0.202832,0.451444,-1.698394,0.168272,1.154795,-0.415736,4.000183,-2.939083,2.544039,-0.756211
0.81786,-0.571507,0.467741,0.625112,-1.203333,0.216077,1.154795,-0.415736,4.000183,-2.939083,2.544039,-0.756211
0.881096,-0.285113,0.690655,0.821022,-0.557187,0.478887,1.154795,-0.415736,4.000183,-2.939083,2.544039,-0.756211
0.937496,1.402979,1.846731,0.883916,-0.200708,0.748459,1.154795,-0.415736,4.000183,-2.939083,2.544039,-0.756211
1.172618,3.21974,2.173656,0.949252,1.493817,1.863077,1.172618,-0.415736,4.000183,-2.939083,2.544039,-0.756211
1.306415,4.000183,2.031069,1.179308,3.258762,2.166527,1.306415,-0.415736,4.000183,-2.939083,2.544039,-0.756211
1.106452,4.000183,2.235427,1.296417,4.000183,2.041287,1.306415,-0.415736,4.000183,-2.939083,2.544039,-0.756211
0.91833,4.000183,2.43124,1.097046,4.000183,2.245218,1.306415,-0.415736,4.000183,-2.939083,2.544039,-0.756211
0.754624,4.000183,2.463957,0.910145,4.000183,2.432876,1.306415,-0.415736,4.000183,-2.939083,2.544039,-0.756211
0.694195,4.000183,2.15278,0.751603,4.000183,2.448398,1.306415,-0.415736,4.000183,-2.939083,2.544039,-0.756211
0.660868,4.000183,2.162425,0.692529,4.000183,2.153262,1.306415,-0.415736,4.000183,-2.939083,2.544039,-0.756211
0.584447,3.206311,1.961484,0.657047,3.960489,2.152378,1.306415,-0.415736,4.000183,-2.939083,2.544039,-0.756211
0.650858,1.962583,1.552036,0.587768,3.144125,1.941012,1.306415,-0.415736,4.000183,-2.939083,2.544039,-0.756211
0.470183,0.778429,1.419215,0.641824,1.903375,1.545395,1.306415,-0.415736,4.000183,-2.939083,2.544039,-0.756211
0.387414,0.518159,1.41775,0.466045,0.765415,1.419142,1.306415,-0.415736,4.000183,-2.939083,2.544039,-0.756211
0.396936,0.01349,1.072514,0.38789,0.492926,1.400488,1.306415,-0.415736,4.000183,-2.939083,2.544039,-0.756211
0.395471,-0.166453,0.831044,0.396863,0.004493,1.06044,1.306415,-0.415736,4.000183,-2.939083,2.544039,-0.756211
0.349326,-0.331746,0.469938,0.393164,-0.174718,0.812989,1.306415,-0.415736,4.000183,-2.939083,2.544039,-0.756211
0.29024,-0.433315,0.252152,0.346372,-0.336824,0.459049,1.306415,-0.415736,4.000183,-2.939083,2.544039,-0.756211
0.132271,-0.720686,-0.064762,0.282342,-0.447684,0.236306,1.306415,-0.415736,4.000183,-2.939083,2.544039,-0.756211
-0.063908,-1.184459,-0.299762,0.122462,-0.743875,-0.076512,1.306415,-0.415736,4.000183,-2.939083,2.544039,-0.756211
-0.155588,-1.447293,-0.366538,-0.068492,-1.197601,-0.303101,1.306415,-0.415736,4.000183,-2.939083,2.544039,-0.756211
-0.314045,-2.153879,-0.384362,-0.163511,-1.482622,-0.367429,1.306415,-0.415736,4.000183,-2.939083,2.544039,-0.756211
-0.357016,-2.488128,-0.355307,-0.316194,-2.170591,-0.382909,1.306415,-0.415736,4.000183,-2.939083,2.544039,-0.756211
-0.366783,-2.756455,-0.278398,-0.357504,-2.501544,-0.351462,1.306415,-0.415736,4.000183,-2.939083,2.544039,-0.756211
-0.386071,-2.796741,-0.15217,-0.367747,-2.758469,-0.272087,1.306415,-0.415736,4.000183,-2.939083,2.544039,-0.756211
-0.227614,-2.242141,0.203198,-0.378148,-2.769011,-0.134402,1.306415,-0.415736,4.000183,-2.939083,2.544039,-0.756211
0.251663,-1.556186,0.348593,-0.20365,-2.207843,0.210468,1.306415,-0.415736,4.000183,-2.939083,2.544039,-0.756211
0.619972,-0.632424,0.126167,0.270078,-1.509998,0.337472,1.306415,-0.415736,4.000183,-2.939083,2.544039,-0.756211
0.756821,-0.128121,0.671367,0.626814,-0.607209,0.153427,1.306415,-0.415736,4.000183,-2.939083,2.544039,-0.756211
0.830556,0.14924,1.007569,0.760508,-0.114253,0.688177,1.306415,-0.415736,4.000183,-2.939083,2.544039,-0.756211
0.967283,1.314839,1.441921,0.837392,0.20752,1.029287,1.306415,-0.415736,4.000183,-2.939083,2.544039,-0.756211
1.057377,1.949399,1.583532,0.971788,1.346567,1.449002,1.306415,-0.415736,4.000183,-2.939083,2.544039,-0.756211
1.343771,3.975401,1.958555,1.071697,2.050699,1.602283,1.343771,-0.415736,4.000183,-2.939083,2.544039,-0.756211
1.448025,4.000183,2.08344,1.348984,3.97664,1.964799,1.448025,-0.415736,4.000183,-2.939083,2.544039,-0.756211
1.352072,4.000183,2.014466,1.443227,4.000183,2.079991,1.448025,-0.415736,4.000183,-2.939083,2.544039,-0.756211
1.226332,4.000183,1.913386,1.345785,4.000183,2.009412,1.448025,-0.415736,4.000183,-2.939083,2.544039,-0.756211
1.218519,4.000183,1.409937,1.225941,4.000183,1.888214,1.448025,-0.415736,4.000183,-2.939083,2.544039,-0.756211
1.009522,4.000183,1.320332,1.208069,4.000183,1.405457,1.448025,-0.415736,4.000183,-2.939083,2.544039,-0.756211
0.763657,2.778307,1.228041,0.997229,3.939089,1.315717,1.448025,-0.415736,4.000183,-2.939083,2.544039,-0.756211
0.669902,2.025575,1.240737,0.758969,2.74067,1.228676,1.448025,-0.415736,4.000183,-2.939083,2.544039,-0.756211
0.465788,0.993286,1.387475,0.659696,1.973961,1.248074,1.448025,-0.415736,4.000183,-2.939083,2.544039,-0.756211
0.372276,0.53818,1.363425,0.461112,0.970531,1.386272,1.448025,-0.415736,4.000183,-2.939083,2.544039,-0.756211
0.37191,0.127266,1.046878,0.372258,0.517634,1.347598,1.448025,-0.415736,4.000183,-2.939083,2.544039,-0.756211
0.338583,0.002991,0.932613,0.370244,0.121052,1.041165,1.448025,-0.415736,4.000183,-2.939083,2.544039,-0.756211
0.27437,-0.333211,0.700055,0.335372,-0.013819,0.920985,1.448025,-0.415736,4.000183,-2.939083,2.544039,-0.756211
0.129586,-0.89892,0.20503,0.267131,-0.361496,0.675304,1.448025,-0.415736,4.000183,-2.939083,2.544039,-0.756211
0.062321,-1.086919,0.07697,0.126223,-0.90832,0.198627,1.448025,-0.415736,4.000183,-2.939083,2.544039,-0.756211
-0.031069,-1.229018,-0.045718,0.057652,-1.094024,0.070836,1.448025,-0.415736,4.000183,-2.939083,2.544039,-0.756211
-0.260331,-1.489288,-0.191479,-0.042532,-1.242031,-0.053006,1.448025,-0.415736,4.000183,-2.939083,2.544039,-0.756211
-0.332601,-1.648965,-0.248123,-0.263944,-1.497272,-0.194311,1.448025,-0.415736,4.000183,-2.939083,2.544039,-0.756211
-0.439053,-2.192944,-0.312092,-0.337924,-1.676164,-0.251321,1.448025,-0.439053,4.000183,-2.939083,2.544039,-0.756211
-0.395593,-2.332113,-0.244461,-0.43688,-2.199902,-0.30871,1.448025,-0.439053,4.000183,-2.939083,2.544039,-0.756211
-0.221266,-2.385582,-0.199048,-0.386877,-2.334786,-0.24219,1.448025,-0.439053,4.000183,-2.939083,2.544039,-0.756211
0.290484,-1.867485,-0.177562,-0.195678,-2.359677,-0.197974,1.448025,-0.439053,4.000183,-2.939083,2.544039,-0.756211
0.577855,-1.2444,-0.188061,0.304853,-1.836331,-0.178087,1.448025,-0.439053,4.000183,-2.939083,2.544039,-0.756211
0.673564,-0.958738,-0.113838,0.58264,-1.230117,-0.18435,1.448025,-0.439053,4.000183,-2.939083,2.544039,-0.756211
0.800281,-0.545138,0.180614,0.6799,-0.938058,-0.099115,1.448025,-0.439053,4.000183,-2.939083,2.544039,-0.756211
0.940182,-0.143258,0.743881,0.807276,-0.525044,0.208777,1.448025,-0.439053,4.000183,-2.939083,2.544039,-0.756211
1.043948,0.522432,1.446072,0.94537,-0.109973,0.778991,1.448025,-0.439053,4.000183,-2.939083,2.544039,-0.756211
1.180187,2.139352,2.148996,1.05076,0.603278,1.481218,1.448025,-0.439053,4.000183,-2.939083,2.544039,-0.756211
1.249161,3.475859,2.437832,1.183636,2.206177,2.163438,1.448025,-0.439053,4.000183,-2.939083,2.544039,-0.756211
1.301654,4.000183,2.504364,1.251786,3.502075,2.441159,1.448025,-0.439053,4.000183,-2.939083,2.544039,-0.756211
1.308124,4.000183,2.261552,1.301977,4.000183,2.492223,1.448025,-0.439053,4.000183,-2.939083,2.544039,-0.756211
1.222914,4.000183,1.937069,1.303863,4.000183,2.245328,1.448025,-0.439053,4.000183,-2.939083,2.544039,-0.756211
1.136971,4.000183,1.897027,1.218617,4.000183,1.935067,1.448025,-0.439053,4.000183,-2.939083,2.544039,-0.756211
0.872307,3.943173,1.917048,1.123738,3.997332,1.898028,1.448025,-0.439053,4.000183,-2.939083,2.544039,-0.756211
0.865592,2.895379,1.498199,0.871971,3.890783,1.896106,1.448025,-0.439053,4.000183,-2.939083,2.544039,-0.756211
0.883538,2.189404,1.318379,0.866489,2.86008,1.489208,1.448025,-0.439053,4.000183,-2.939083,2.544039,-0.756211
0.770738,1.062382,1.250137,0.877898,2.133053,1.314967,1.448025,-0.439053,4.000183,-2.939083,2.544039,-0.756211
0.688335,0.636452,1.215223,0.766618,1.041085,1.248391,1.448025,-0.439053,4.000183,-2.939083,2.544039,-0.756211
0.498382,-0.026186,1.075688,0.678837,0.60332,1.208246,1.448025,-0.439053,4.000183,-2.939083,2.544039,-0.756211
0.373741,-0.453824,0.84545,0.49215,-0.047568,1.064176,1.448025,-0.439053,4.000183,-2.939083,2.544039,-0.756211
0.3337,-0.61985,0.661845,0.371739,-0.462125,0.83627,1.448025,-0.439053,4.000183,-2.939083,2.544039,-0.756211
0.207227,-0.84545,0.261918,0.327376,-0.63113,0.641849,1.448025,-0.439053,4.000183,-2.939083,2.544039,-0.756211
0.199902,-0.859122,0.238723,0.206861,-0.846134,0.260758,1.448025,-0.439053,4.000183,-2.939083,2.544039,-0.756211
0.163035,-0.902582,0.135445,0.198059,-0.861295,0.233559,1.448025,-0.439053,4.000183,-2.939083,2.544039,-0.756211
-0.016542,-1.297626,-0.271806,0.154056,-0.922334,0.115082,1.448025,-0.439053,4.000183,-2.939083,2.544039,-0.756211
-0.275713,-1.934871,-0.419886,-0.029501,-1.329488,-0.27921,1.448025,-0.439053,4.000183,-2.939083,2.544039,-0.756211
-0.413661,-2.701276,-0.316975,-0.28261,-1.973191,-0.41474,1.448025,-0.439053,4.000183,-2.939083,2.544039,-0.756211
0.330281,-1.941464,-0.059513,-0.376464,-2.663285,-0.304102,1.448025,-0.439053,4.000183,-2.939083,2.544039,-0.756211
0.602515,-1.299579,-0.20564,0.343893,-1.90937,-0.066819,1.448025,-0.439053,4.000183,-2.939083,2.544039,-0.756211
0.750961,-0.458707,-0.144113,0.609937,-1.257535,-0.202564,1.448025,-0.439053,4.000183,-2.939083,2.544039,-0.756211
0.816883,-0.173167,0.047427,0.754257,-0.44443,-0.134536,1.448025,-0.439053,4.000183,-2.939083,2.544039,-0.756211
0.855826,0.084661,0.301349,0.81883,-0.160276,0.060123,1.448025,-0.439053,4.000183,-2.939083,2.544039,-0.756211
0.925044,0.59458,0.886956,0.859287,0.110157,0.330629,1.448025,-0.439053,4.000183,-2.939083,2.544039,-0.756211
0.97241,1.596594,1.617225,0.927412,0.644681,0.923469,1.448025,-0.439053,4.000183,-2.939083,2.544039,-0.756211
1.00586,1.961362,1.789111,0.974082,1.614832,1.625819,1.448025,-0.439053,4.000183,-2.939083,2.544039,-0.756211
1.074467,3.369407,2.175365,1.00929,2.031764,1.808424,1.448025,-0.439053,4.000183,-2.939083,2.544039,-0.756211
1.127693,4.000183,2.223463,1.077128,3.400946,2.17777,1.448025,-0.439053,4.000183,-2.939083,2.544039,-0.756211
1.088629,4.000183,2.112617,1.12574,4.000183,2.217921,1.448025,-0.439053,4.000183,-2.939083,2.544039,-0.756211
1.025881,4.000183,2.01471,1.085492,4.000183,2.107722,1.448025,-0.439053,4.000183,-2.939083,2.544039,-0.756211
0.93359,4.000183,1.92657,1.021266,4.000183,2.010303,1.448025,-0.439053,4.000183,-2.939083,2.544039,-0.756211
0.69859,3.162852,1.671428,0.92184,3.958316,1.913813,1.448025,-0.439053,4.000183,-2.939083,2.544039,-0.756211
0.677715,2.712995,1.445218,0.697546,3.140359,1.660117,1.448025,-0.439053,4.000183,-2.939083,2.544039,-0.756211
0.678936,2.125679,1.188,0.677776,2.683629,1.432357,1.448025,-0.439053,4.000183,-2.939083,2.544039,-0.756211
0.665263,1.646158,1.048343,0.678252,2.101703,1.181017,1.448025,-0.439053,4.000183,-2.939083,2.544039,-0.756211
0.548556,0.891473,0.966551,0.659428,1.608424,1.044253,1.448025,-0.439053,4.000183,-2.939083,2.544039,-0.756211
0.47824,0.595801,0.957761,0.54504,0.876689,0.966112,1.448025,-0.439053,4.000183,-2.939083,2.544039,-0.756211
0.316365,0.163401,0.845938,0.470146,0.574181,0.95217,1.448025,-0.439053,4.000183,-2.939083,2.544039,-0.756211
0.210767,-0.144845,0.655863,0.311085,0.147989,0.836434,1.448025,-0.439053,4.000183,-2.939083,2.544039,-0.756211
0.143991,-0.428676,0.396936,0.207428,-0.159037,0.642917,1.448025,-0.439053,4.000183,-2.939083,2.544039,-0.756211
0.110053,-0.604224,0.213819,0.142294,-0.437453,0.38778,1.448025,-0.439053,4.000183,-2.939083,2.544039,-0.756211
-0.018129,-0.970457,-0.262528,0.103644,-0.622536,0.190002,1.448025,-0.439053,4.000183,-2.939083,2.544039,-0.756211
-0.204053,-1.394922,-0.471892,-0.027425,-0.99168,-0.272996,1.448025,-0.439053,4.000183,-2.939083,2.544039,-0.756211
-0.313313,-1.900446,-0.395837,-0.209516,-1.420198,-0.468089,1.448025,-0.439053,4.000183,-2.939083,2.544039,-0.756211
-0.331868,-2.106513,-0.294268,-0.314241,-1.910749,-0.390759,1.448025,-0.439053,4.000183,-2.939083,2.544039,-0.756211
-0.304523,-2.267655,-0.20271,-0.330501,-2.11457,-0.28969,1.448025,-0.439053,4.000183,-2.939083,2.544039,-0.756211
-0.140695,-2.225173,-0.005188,-0.296332,-2.265531,-0.192834,1.448025,-0.439053,4.000183,-2.939083,2.544039,-0.756211
0.007874,-1.966856,0.10456,-0.133267,-2.212257,0.000299,1.448025,-0.439053,4.000183,-2.939083,2.544039,-0.756211
0.355185,-1.34255,0.117866,0.02524,-1.935641,0.105225,1.448025,-0.439053,4.000183,-2.939083,2.544039,-0.756211
0.475798,-1.042971,0.091741,0.361216,-1.327571,0.11656,1.448025,-0.439053,4.000183,-2.939083,2.544039,-0.756211
0.642556,-0.221876,0.186474,0.484136,-1.001916,0.096478,1.448025,-0.439053,4.000183,-2.939083,2.544039,-0.756211
0.731429,0.493744,0.563694,0.647,-0.186095,0.205335,1.448025,-0.439053,4.000183,-2.939083,2.544039,-0.756211
0.788073,0.751938,0.803577,0.734261,0.506654,0.575688,1.448025,-0.439053,4.000183,-2.939083,2.544039,-0.756211
0.810047,0.890985,0.916987,0.789172,0.75889,0.809248,1.448025,-0.439053,4.000183,-2.939083,2.544039,-0.756211
0.835195,1.164927,1.120979,0.811304,0.904682,0.927187,1.448025,-0.439053,4.000183,-2.939083,2.544039,-0.756211
0.82787,1.797778,1.464384,0.834829,1.19657,1.138149,1.448025,-0.439053,4.000183,-2.939083,2.544039,-0.756211
0.860099,3.880425,1.940243,0.829481,1.90191,1.488177,1.448025,-0.439053,4.000183,-2.939083,2.544039,-0.756211
0.853507,4.000183,1.857963,0.859769,3.886413,1.936129,1.448025,-0.439053,4.000183,-2.939083,2.544039,-0.756211
0.811024,4.000183,1.726851,0.851383,4.000183,1.851407,1.448025,-0.439053,4.000183,-2.939083,2.544039,-0.756211
0.726546,4.000183,1.694378,0.8068,4.000183,1.725227,1.448025,-0.439053,4.000183,-2.939083,2.544039,-0.756211
0.534395,2.810535,1.416285,0.716938,3.940701,1.680473,1.448025,-0.439053,4.000183,-2.939083,2.544039,-0.756211
0.550266,1.99823,0.97534,0.535189,2.76992,1.394238,1.448025,-0.439053,4.000183,-2.939083,2.544039,-0.756211
0.517549,1.356833,0.713239,0.54863,1.96616,0.962235,1.448025,-0.439053,4.000183,-2.939083,2.544039,-0.756211
0.443325,1.05701,0.733626,0.513838,1.341842,0.714258,1.448025,-0.439053,4.000183,-2.939083,2.544039,-0.756211
0.350791,0.574437,0.82787,0.438698,1.032881,0.738338,1.448025,-0.439053,4.000183,-2.939083,2.544039,-0.756211
0.256302,0.08698,0.749496,0.346067,0.550064,0.823951,1.448025,-0.439053,4.000183,-2.939083,2.544039,-0.756211
0.231765,-0.102973,0.690655,0.255075,0.077482,0.746554,1.448025,-0.439053,4.000183,-2.939083,2.544039,-0.756211
0.158884,-0.533297,0.483489,0.228121,-0.124489,0.680297,1.448025,-0.439053,4.000183,-2.939083,2.544039,-0.756211
0.078923,-0.8496,0.270219,0.154886,-0.549112,0.472826,1.448025,-0.439053,4.000183,-2.939083,2.544039,-0.756211
-0.094793,-1.266129,-0.118965,0.070237,-0.870426,0.25076,1.448025,-0.439053,4.000183,-2.939083,2.544039,-0.756211
-0.177806,-1.434108,-0.26204,-0.098944,-1.274528,-0.126119,1.448025,-0.439053,4.000183,-2.939083,2.544039,-0.756211
-0.256913,-1.591833,-0.347983,-0.181761,-1.441994,-0.266337,1.448025,-0.439053,4.000183,-2.939083,2.544039,-0.756211
-0.333333,-1.882622,-0.382409,-0.260734,-1.606372,-0.349704,1.448025,-0.439053,4.000183,-2.939083,2.544039,-0.756211
-0.279131,-2.025819,-0.401819,-0.330623,-1.889782,-0.383379,1.448025,-0.439053,4.000183,-2.939083,2.544039,-0.756211
-0.00824,-1.940243,-0.463957,-0.265586,-2.02154,-0.404926,1.448025,-0.439053,4.000183,-2.939083,2.544039,-0.756211
0.197461,-1.622352,-0.483977,0.002045,-1.924348,-0.464958,1.448025,-0.439053,4.000183,-2.939083,2.544039,-0.756211
0.34371,-1.279558,-0.472746,0.204773,-1.605212,-0.483415,1.448025,-0.439053,4.000183,-2.939083,2.544039,-0.756211
0.481658,-0.60105,-0.271806,0.350607,-1.245633,-0.462699,1.448025,-0.439053,4.000183,-2.939083,2.544039,-0.756211
0.543917,-0.385705,-0.089422,0.484771,-0.590283,-0.262687,1.448025,-0.439053,4.000183,-2.939083,2.544039,-0.756211
0.660136,-0.043643,0.38424,0.549728,-0.368602,-0.065739,1.448025,-0.439053,4.000183,-2.939083,2.544039,-0.756211
0.696026,0.087469,0.609351,0.66193,-0.037087,0.395496,1.448025,-0.439053,4.000183,-2.939083,2.544039,-0.756211
0.770738,0.661723,1.399438,0.699762,0.116182,0.648855,1.448025,-0.439053,4.000183,-2.939083,2.544039,-0.756211
0.821766,1.290911,1.855277,0.773289,0.693182,1.42223,1.448025,-0.439053,4.000183,-2.939083,2.544039,-0.756211
1.079839,3.038088,2.268388,0.83467,1.37827,1.875933,1.448025,-0.439053,4.000183,-2.939083,2.544039,-0.756211
1.139901,4.000183,2.104804,1.082842,3.086193,2.260209,1.448025,-0.439053,4.000183,-2.939083,2.544039,-0.756211
1.204114,4.000183,1.565708,1.143112,4.000183,2.077849,1.448025,-0.439053,4.000183,-2.939083,2.544039,-0.756211
1.197888,4.000183,1.595251,1.203803,4.000183,1.567185,1.448025,-0.439053,4.000183,-2.939083,2.544039,-0.756211
1.155039,4.000183,1.559604,1.195746,4.000183,1.593469,1.448025,-0.439053,4.000183,-2.939083,2.544039,-0.756211
1.068364,3.638223,1.528352,1.150705,3.982085,1.558041,1.448025,-0.439053,4.000183,-2.939083,2.544039,-0.756211
0.984862,3.239761,1.332784,1.064189,3.6183,1.518574,1.448025,-0.439053,4.000183,-2.939083,2.544039,-0.756211
0.953122,2.884514,1.149667,0.983275,3.221999,1.323628,1.448025,-0.439053,4.000183,-2.939083,2.544039,-0.756211
0.912104,2.166697,0.76732,0.951071,2.848623,1.13055,1.448025,-0.439053,4.000183,-2.939083,2.544039,-0.756211
0.742172,1.308246,0.611304,0.903607,2.123774,0.759519,1.448025,-0.439053,4.000183,-2.939083,2.544039,-0.756211
0.66746,0.990112,0.59104,0.738436,1.292339,0.610291,1.448025,-0.439053,4.000183,-2.939083,2.544039,-0.756211
0.491668,0.62339,0.525606,0.65867,0.971776,0.587768,1.448025,-0.439053,4.000183,-2.939083,2.544039,-0.756211
0.485808,0.607276,0.526827,0.491375,0.622584,0.525667,1.448025,-0.439053,4.000183,-2.939083,2.544039,-0.756211
0.3901,0.3055,0.497528,0.481023,0.592187,0.525362,1.448025,-0.439053,4.000183,-2.939083,2.544039,-0.756211
0.231765,-0.061222,0.395227,0.382183,0.287164,0.492413,1.448025,-0.439053,4.000183,-2.939083,2.544039,-0.756211
0.130806,-0.297076,0.338094,0.226717,-0.073015,0.39237,1.448025,-0.439053,4.000183,-2.939083,2.544039,-0.756211
-0.024232,-0.744613,0.131173,0.123054,-0.319453,0.327748,1.448025,-0.439053,4.000183,-2.939083,2.544039,-0.756211
-0.10163,-0.950436,0.022645,-0.028102,-0.754904,0.125747,1.448025,-0.439053,4.000183,-2.939083,2.544039,-0.756211
-0.483733,-1.783251,-0.476408,-0.120735,-0.992077,-0.002308,1.448025,-0.483733,4.000183,-2.939083,2.544039,-0.756211
-0.428554,-2.094549,-0.201245,-0.480974,-1.798816,-0.46265,1.448025,-0.483733,4.000183,-2.939083,2.544039,-0.756211
-0.409266,-2.085027,-0.073064,-0.42759,-2.094073,-0.194836,1.448025,-0.483733,4.000183,-2.939083,2.544039,-0.756211
-0.043765,-1.535799,0.20564,-0.390991,-2.057566,-0.059129,1.448025,-0.483733,4.000183,-2.939083,2.544039,-0.756211
0.254593,-0.637917,0.130074,-0.028847,-1.490905,0.201862,1.448025,-0.483733,4.000183,-2.939083,2.544039,-0.756211
0.343222,-0.30904,0.253128,0.259024,-0.621473,0.136227,1.448025,-0.483733,4.000183,-2.939083,2.544039,-0.756211
0.455777,0.207227,0.661234,0.34885,-0.283227,0.273533,1.448025,-0.483733,4.000183,-2.939083,2.544039,-0.756211
0.546603,0.829213,1.264665,0.460318,0.238326,0.691406,1.448025,-0.483733,4.000183,-2.939083,2.544039,-0.756211
0.76732,1.814869,1.789843,0.557639,0.878496,1.290924,1.448025,-0.483733,4.000183,-2.939083,2.544039,-0.756211
1.030519,3.208509,1.570103,0.78048,1.884551,1.778856,1.448025,-0.483733,4.000183,-2.939083,2.544039,-0.756211
1.190441,4.000183,1.523714,1.038515,3.248093,1.567784,1.448025,-0.483733,4.000183,-2.939083,2.544039,-0.756211
1.268815,4.000183,1.687542,1.19436,4.000183,1.531905,1.448025,-0.483733,4.000183,-2.939083,2.544039,-0.756211
1.332052,4.000183,1.442166,1.271977,4.000183,1.675273,1.448025,-0.483733,4.000183,-2.939083,2.544039,-0.756211
1.301288,4.000183,1.288104,1.330514,4.000183,1.434463,1.448025,-0.483733,4.000183,-2.939083,2.544039,-0.756211
1.180675,3.236831,1.040041,1.295257,3.962015,1.275701,1.448025,-0.483733,4.000183,-2.939083,2.544039,-0.756211
1.083135,2.799915,0.958249,1.175798,3.214985,1.035951,1.448025,-0.483733,4.000183,-2.939083,2.544039,-0.756211
1.005127,2.457731,0.942623,1.079235,2.782806,0.957468,1.448025,-0.483733,4.000183,-2.939083,2.544039,-0.756211
0.821522,1.585607,0.952023,0.995947,2.414125,0.943093,1.448025,-0.483733,4.000183,-2.939083,2.544039,-0.756211
0.717634,1.025026,0.909907,0.816328,1.557578,0.949917,1.448025,-0.483733,4.000183,-2.939083,2.544039,-0.756211
0.642068,0.623024,0.802356,0.713856,1.004926,0.904529,1.448025,-0.483733,4.000183,-2.939083,2.544039,-0.756211
0.529268,-0.090643,0.731185,0.636428,0.587341,0.798797,1.448025,-0.483733,4.000183,-2.939083,2.544039,-0.756211
0.402307,-0.593237,0.612769,0.52292,-0.115773,0.725264,1.448025,-0.483733,4.000183,-2.939083,2.544039,-0.756211
0.1269,-1.070317,0.32491,0.388537,-0.617091,0.598376,1.448025,-0.483733,4.000183,-2.939083,2.544039,-0.756211
-0.042056,-1.410425,0.045596,0.118452,-1.087322,0.310944,1.448025,-0.483733,4.000183,-2.939083,2.544039,-0.756211
-0.169261,-1.684856,-0.254959,-0.048416,-1.424147,0.030568,1.448025,-0.483733,4.000183,-2.939083,2.544039,-0.756211
-0.299152,-1.909968,-0.515229,-0.175756,-1.696112,-0.267973,1.448025,-0.483733,4.000183,-2.939083,2.544039,-0.756211
-0.340902,-1.96002,-0.545016,-0.301239,-1.912471,-0.516718,1.448025,-0.483733,4.000183,-2.939083,2.544039,-0.756211
-0.355185,-2.018495,-0.449429,-0.341616,-1.962944,-0.540237,1.448025,-0.483733,4.000183,-2.939083,2.544039,-0.756211
-0.206983,-2.151315,-0.322346,-0.347775,-2.025136,-0.443075,1.448025,-0.483733,4.000183,-2.939083,2.544039,-0.756211
0.016053,-1.858085,-0.337972,-0.195831,-2.136653,-0.323127,1.448025,-0.483733,4.000183,-2.939083,2.544039,-0.756211
0.16157,-1.501007,-0.323079,0.023329,-1.840231,-0.337227,1.448025,-0.483733,4.000183,-2.939083,2.544039,-0.756211
0.281939,-0.90893,-0.089178,0.167588,-1.471403,-0.311384,1.448025,-0.483733,4.000183,-2.939083,2.544039,-0.756211
0.287066,-0.870842,-0.064762,0.282195,-0.907026,-0.087957,1.448025,-0.483733,4.000183,-2.939083,2.544039,-0.756211
0.300983,-0.817128,-0.040103,0.287762,-0.868156,-0.063529,1.448025,-0.483733,4.000183,-2.939083,2.544039,-0.756211
0.388879,-0.48117,0.256302,0.305378,-0.80033,-0.025283,1.448025,-0.483733,4.000183,-2.939083,2.544039,-0.756211
0.517793,-0.231154,0.498993,0.395325,-0.468669,0.268437,1.448025,-0.483733,4.000183,-2.939083,2.544039,-0.756211
0.631569,0.40658,0.750961,0.523482,-0.199267,0.511591,1.448025,-0.483733,4.000183,-2.939083,2.544039,-0.756211
0.663798,1.315083,1.164805,0.63318,0.452005,0.771653,1.448025,-0.483733,4.000183,-2.939083,2.544039,-0.756211
0.686016,2.755112,1.751511,0.664909,1.387084,1.19414,1.448025,-0.483733,4.000183,-2.939083,2.544039,-0.756211
0.863761,3.913874,1.938778,0.694903,2.81305,1.760874,1.448025,-0.483733,4.000183,-2.939083,2.544039,-0.756211
0.865714,4.000183,1.991394,0.863859,3.918189,1.941409,1.448025,-0.483733,4.000183,-2.939083,2.544039,-0.756211
0.916621,4.000183,1.936459,0.868259,4.000183,1.988647,1.448025,-0.483733,4.000183,-2.939083,2.544039,-0.756211
0.950436,4.000183,1.700238,0.918312,4.000183,1.924648,1.448025,-0.483733,4.000183,-2.939083,2.544039,-0.756211
0.954831,3.489776,1.161143,0.950656,3.974663,1.673283,1.448025,-0.483733,4.000183,-2.939083,2.544039,-0.756211
0.858146,2.139596,0.911127,0.949997,3.422267,1.148642,1.448025,-0.483733,4.000183,-2.939083,2.544039,-0.756211
0.775377,1.691571,0.810535,0.854008,2.117195,0.906097,1.448025,-0.483733,4.000183,-2.939083,2.544039,-0.756211
0.714338,1.301654,0.747299,0.772325,1.672075,0.807373,1.448025,-0.483733,4.000183,-2.939083,2.544039,-0.756211
0.635476,0.697369,0.530245,0.710395,1.27144,0.736446,1.448025,-0.483733,4.000183,-2.939083,2.544039,-0.756211
0.555393,0.478362,0.362022,0.631472,0.686419,0.521834,1.448025,-0.483733,4.000183,-2.939083,2.544039,-0.756211
0.464567,0.256668,0.209913,0.550852,0.467277,0.354417,1.448025,-0.483733,4.000183,-2.939083,2.544039,-0.756211
0.333211,0.012513,0.160593,0.457999,0.24446,0.207447,1.448025,-0.483733,4.000183,-2.939083,2.544039,-0.756211
0.245315,-0.100531,0.165232,0.328816,0.006861,0.160825,1.448025,-0.483733,4.000183,-2.939083,2.544039,-0.756211
0.143014,-0.408167,0.058048,0.2402,-0.115913,0.159873,1.448025,-0.483733,4.000183,-2.939083,2.544039,-0.756211
-0.052921,-0.817494,-0.184032,0.133217,-0.428633,0.045944,1.448025,-0.483733,4.000183,-2.939083,2.544039,-0.756211
-0.097967,-1.014405,-0.277178,-0.055173,-0.82734,-0.188689,1.448025,-0.483733,4.000183,-2.939083,2.544039,-0.756211
-0.225661,-1.358665,-0.468351,-0.104352,-1.031618,-0.286737,1.448025,-0.483733,4.000183,-2.939083,2.544039,-0.756211
-0.276445,-1.800098,-0.470793,-0.2282,-1.380737,-0.468473,1.448025,-0.483733,4.000183,-2.939083,2.544039,-0.756211
-0.276445,-1.949277,-0.417079,-0.276445,-1.807557,-0.468107,1.448025,-0.483733,4.000183,-2.939083,2.544039,-0.756211
-0.116035,-2.016908,-0.273271,-0.268424,-1.952659,-0.409889,1.448025,-0.483733,4.000183,-2.939083,2.544039,-0.756211
0.307331,-1.421657,-0.047671,-0.094867,-1.987145,-0.261991,1.448025,-0.483733,4.000183,-2.939083,2.544039,-0.756211
0.531466,-0.74266,0.076604,0.318538,-1.387707,-0.041457,1.448025,-0.483733,4.000183,-2.939083,2.544039,-0.756211
0.623512,-0.501923,0.204541,0.536068,-0.730623,0.083001,1.448025,-0.483733,4.000183,-2.939083,2.544039,-0.756211
0.760483,0.030581,0.731673,0.630361,-0.475298,0.230898,1.448025,-0.483733,4.000183,-2.939083,2.544039,-0.756211
0.863761,0.354819,1.145517,0.765647,0.046793,0.752365,1.448025,-0.483733,4.000183,-2.939083,2.544039,-0.756211
0.876213,1.588293,2.039126,0.864384,0.416493,1.190197,1.448025,-0.483733,4.000183,-2.939083,2.544039,-0.756211
0.91772,3.388696,2.39779,0.878288,1.678313,2.057059,1.448025,-0.483733,4.000183,-2.939083,2.544039,-0.756211
0.889398,4.000183,2.477751,0.916304,3.41927,2.401788,1.448025,-0.483733,4.000183,-2.939083,2.544039,-0.756211
0.895257,4.000183,2.485442,0.889691,4.000183,2.478136,1.448025,-0.483733,4.000183,-2.939083,2.544039,-0.756211
0.964964,4.000183,2.367149,0.898742,4.000183,2.479527,1.448025,-0.483733,4.000183,-2.939083,2.544039,-0.756211
0.900873,4.000183,2.16511,0.961759,4.000183,2.357047,1.448025,-0.483733,4.000183,-2.939083,2.544039,-0.756211
0.85839,3.877495,2.002014,0.898749,3.994049,2.156955,1.448025,-0.483733,4.000183,-2.939083,2.544039,-0.756211
0.822011,2.994629,1.519075,0.856571,3.833352,1.977867,1.448025,-0.483733,4.000183,-2.939083,2.544039,-0.756211
0.867424,2.357383,1.165781,0.824282,2.962767,1.50141,1.448025,-0.483733,4.000183,-2.939083,2.544039,-0.756211
0.868888,2.322224,1.145028,0.867497,2.355625,1.164743,1.448025,-0.483733,4.000183,-2.939083,2.544039,-0.756211
0.876213,2.189159,1.071293,0.869254,2.315571,1.141341,1.448025,-0.483733,4.000183,-2.939083,2.544039,-0.756211
0.778795,1.635415,0.908686,0.871342,2.161472,1.063163,1.448025,-0.483733,4.000183,-2.939083,2.544039,-0.756211
0.704328,1.220839,0.958005,0.775072,1.614686,0.911152,1.448025,-0.483733,4.000183,-2.939083,2.544039,-0.756211
0.598364,0.536227,1.039065,0.69903,1.186608,0.962058,1.448025,-0.483733,4.000183,-2.939083,2.544039,-0.756211
0.437344,-0.166819,0.840811,0.590313,0.501075,1.029152,1.448025,-0.483733,4.000183,-2.939083,2.544039,-0.756211
0.091009,-0.643289,0.05463,0.420027,-0.190642,0.801502,1.448025,-0.483733,4.000183,-2.939083,2.544039,-0.756211
0.058292,-0.678447,-0.071843,0.089373,-0.645047,0.048306,1.448025,-0.483733,4.000183,-2.939083,2.544039,-0.756211
-0.034487,-0.82787,-0.344809,0.053653,-0.685918,-0.085491,1.448025,-0.483733,4.000183,-2.939083,2.544039,-0.756211
-0.14631,-1.083013,-0.43417,-0.040078,-0.840627,-0.349277,1.448025,-0.483733,4.000183,-2.939083,2.544039,-0.756211
-0.257889,-1.418238,-0.375328,-0.151889,-1.099774,-0.431228,1.448025,-0.483733,4.000183,-2.939083,2.544039,-0.756211
-0.287188,-1.675578,-0.309162,-0.259354,-1.431105,-0.37202,1.448025,-0.483733,4.000183,-2.939083,2.544039,-0.756211
-0.255326,-1.699383,-0.241409,-0.285595,-1.676768,-0.305774,1.448025,-0.483733,4.000183,-2.939083,2.544039,-0.756211
-0.221754,-1.639199,-0.188793,-0.253647,-1.696374,-0.238778,1.448025,-0.483733,4.000183,-2.939083,2.544039,-0.756211
-0.05109,-1.379662,-0.169749,-0.213221,-1.626222,-0.187841,1.448025,-0.483733,4.000183,-2.939083,2.544039,-0.756211
0.138863,-0.824941,-0.175609,-0.041592,-1.351926,-0.170042,1.448025,-0.483733,4.000183,-2.939083,2.544039,-0.756211
0.158152,-0.51706,-0.103095,0.139827,-0.809547,-0.171983,1.448025,-0.483733,4.000183,-2.939083,2.544039,-0.756211
0.171336,-0.099066,0.395227,0.158811,-0.49616,-0.078179,1.448025,-0.483733,4.000183,-2.939083,2.544039,-0.756211
0.199902,0.03351,0.810047,0.172764,-0.092437,0.415968,1.448025,-0.483733,4.000183,-2.939083,2.544039,-0.756211
0.330526,0.164622,1.210462,0.206433,0.040066,0.830068,1.448025,-0.483733,4.000183,-2.939083,2.544039,-0.756211
0.979491,0.864372,1.964414,0.362974,0.19961,1.24816,1.448025,-0.483733,4.000183,-2.939083,2.544039,-0.756211
1.296405,1.701581,2.169993,0.995337,0.906232,1.974693,1.448025,-0.483733,4.000183,-2.939083,2.544039,-0.756211
1.615272,4.000183,2.005921,1.312348,1.816511,2.161789,1.615272,-0.483733,4.000183,-2.939083,2.544039,-0.756211
1.711225,4.000183,1.584997,1.62007,4.000183,1.984875,1.711225,-0.483733,4.000183,-2.939083,2.544039,-0.756211
1.686077,4.000183,1.54349,1.709968,4.000183,1.582922,1.711225,-0.483733,4.000183,-2.939083,2.544039,-0.756211
1.645547,3.890435,1.349997,1.684051,3.994696,1.533815,1.711225,-0.483733,4.000183,-2.939083,2.544039,-0.756211
1.381859,2.953122,1.317646,1.632363,3.843569,1.348379,1.711225,-0.483733,4.000183,-2.939083,2.544039,-0.756211
1.234389,2.512177,1.114753,1.374485,2.931075,1.307501,1.711225,-0.483733,4.000183,-2.939083,2.544039,-0.756211
1.07813,1.997741,0.774156,1.226576,2.486455,1.097723,1.711225,-0.483733,4.000183,-2.939083,2.544039,-0.756211
1.013184,1.779711,0.682842,1.074883,1.986839,0.76959,1.711225,-0.483733,4.000183,-2.939083,2.544039,-0.756211
0.870353,1.290911,0.612525,1.006042,1.755271,0.679326,1.711225,-0.483733,4.000183,-2.939083,2.544039,-0.756211
0.723372,0.757432,0.565403,0.863004,1.264237,0.610169,1.711225,-0.483733,4.000183,-2.939083,2.544039,-0.756211
0.667582,0.591772,0.512177,0.720582,0.749149,0.562742,1.711225,-0.483733,4.000183,-2.939083,2.544039,-0.756211
0.57932,0.360557,0.431728,0.663169,0.580211,0.508155,1.711225,-0.483733,4.000183,-2.939083,2.544039,-0.756211
0.510224,0.080144,0.383507,0.575865,0.346536,0.429317,1.711225,-0.483733,4.000183,-2.939083,2.544039,-0.756211
0.343344,-0.419764,0.280352,0.50188,0.055149,0.378349,1.711225,-0.483733,4.000183,-2.939083,2.544039,-0.756211
0.16865,-1.03467,0.052432,0.334609,-0.450509,0.268956,1.711225,-0.483733,4.000183,-2.939083,2.544039,-0.756211
-0.018129,-1.463896,-0.14924,0.159311,-1.056131,0.042348,1.711225,-0.483733,4.000183,-2.939083,2.544039,-0.756211
-0.134713,-1.649698,-0.26204,-0.023958,-1.473186,-0.15488,1.711225,-0.483733,4.000183,-2.939083,2.544039,-0.756211
-0.274492,-1.799609,-0.302326,-0.141702,-1.657194,-0.264054,1.711225,-0.483733,4.000183,-2.939083,2.544039,-0.756211
-0.307453,-1.880425,-0.2303,-0.27614,-1.80365,-0.298725,1.711225,-0.483733,4.000183,-2.939083,2.544039,-0.756211
-0.30672,-1.890924,-0.219557,-0.307416,-1.88095,-0.229763,1.711225,-0.483733,4.000183,-2.939083,2.544039,-0.756211
-0.316975,-1.941708,-0.162669,-0.307233,-1.893463,-0.216713,1.711225,-0.483733,4.000183,-2.939083,2.544039,-0.756211
-0.246414,-1.984679,0.013856,-0.313447,-1.943857,-0.153843,1.711225,-0.483733,4.000183,-2.939083,2.544039,-0.756211
0.011414,-1.58109,0.091009,-0.233523,-1.9645,0.017714,1.711225,-0.483733,4.000183,-2.939083,2.544039,-0.756211
0.200146,-1.22975,0.109565,0.020851,-1.563523,0.091937,1.711225,-0.483733,4.000183,-2.939083,2.544039,-0.756211
0.294146,-0.893792,0.131295,0.204846,-1.212952,0.110651,1.711225,-0.483733,4.000183,-2.939083,2.544039,-0.756211
0.501923,-0.181102,0.322224,0.304535,-0.858157,0.140841,1.711225,-0.483733,4.000183,-2.939083,2.544039,-0.756211
0.834951,1.098273,0.973387,0.518574,-0.117133,0.354782,1.711225,-0.483733,4.000183,-2.939083,2.544039,-0.756211
0.95532,2.673564,1.519807,0.840969,1.177038,1.000708,1.711225,-0.483733,4.000183,-2.939083,2.544039,-0.756211
1.056034,4.000183,1.666545,0.960356,2.739895,1.527144,1.711225,-0.483733,4.000183,-2.939083,2.544039,-0.756211
1.107184,4.000183,1.623085,1.058592,4.000183,1.664372,1.711225,-0.483733,4.000183,-2.939083,2.544039,-0.756211
1.113044,4.000183,1.491363,1.107477,4.000183,1.616499,1.711225,-0.483733,4.000183,-2.939083,2.544039,-0.756211
0.954099,4.000183,1.331075,1.105097,4.000183,1.483349,1.711225,-0.483733,4.000183,-2.939083,2.544039,-0.756211
0.782213,3.259537,1.143564,0.945505,3.963151,1.321699,1.711225,-0.483733,4.000183,-2.939083,2.544039,-0.756211
0.660258,2.370567,0.961179,0.776115,3.215089,1.134445,1.711225,-0.483733,4.000183,-2.939083,2.544039,-0.756211
0.619117,1.985045,0.910151,0.658201,2.351291,0.958628,1.711225,-0.483733,4.000183,-2.939083,2.544039,-0.756211
0.577611,1.487212,0.854728,0.617042,1.960153,0.90738,1.711225,-0.483733,4.000183,-2.939083,2.544039,-0.756211
0.432338,1.064579,0.717512,0.570347,1.46608,0.847867,1.711225,-0.483733,4.000183,-2.939083,2.544039,-0.756211
0.349081,0.663432,0.694317,0.428175,1.044522,0.716352,1.711225,-0.483733,4.000183,-2.939083,2.544039,-0.756211
0.272905,0.458341,0.665751,0.345272,0.653177,0.692889,1.711225,-0.483733,4.000183,-2.939083,2.544039,-0.756211
0.21211,0.144357,0.605201,0.269865,0.442642,0.662724,1.711225,-0.483733,4.000183,-2.939083,2.544039,-0.756211
0.162913,-0.057682,0.511445,0.20965,0.134255,0.600513,1.711225,-0.483733,4.000183,-2.939083,2.544039,-0.756211
0.060123,-0.354453,0.312092,0.157774,-0.072521,0.501477,1.711225,-0.483733,4.000183,-2.939083,2.544039,-0.756211
0.005066,-0.546359,0.182079,0.05737,-0.364048,0.305591,1.711225,-0.483733,4.000183,-2.939083,2.544039,-0.756211
-0.119453,-0.795886,0.053653,-0.00116,-0.558835,0.175658,1.711225,-0.483733,4.000183,-2.939083,2.544039,-0.756211
-0.208082,-1.020997,0.008729,-0.123884,-0.807142,0.051407,1.711225,-0.483733,4.000183,-2.939083,2.544039,-0.756211
-0.263871,-1.162363,0.005188,-0.210871,-1.028065,0.008552,1.711225,-0.483733,4.000183,-2.939083,2.544039,-0.756211
-0.406092,-1.56815,0.09516,-0.270982,-1.182652,0.009687,1.711225,-0.483733,4.000183,-2.939083,2.544039,-0.756211
-0.462492,-1.726851,0.129341,-0.408912,-1.576085,0.096869,1.711225,-0.483733,4.000183,-2.939083,2.544039,-0.756211
-0.475432,-1.891168,0.144479,-0.463139,-1.735067,0.130098,1.711225,-0.483733,4.000183,-2.939083,2.544039,-0.756211
-0.307697,-1.888238,0.135445,-0.467045,-1.891022,0.144027,1.711225,-0.483733,4.000183,-2.939083,2.544039,-0.756211
-0.104804,-1.704144,0.127388,-0.297552,-1.879033,0.135042,1.711225,-0.483733,4.000183,-2.939083,2.544039,-0.756211
0.397424,-0.961546,-0.015199,-0.079693,-1.667014,0.120259,1.711225,-0.483733,4.000183,-2.939083,2.544039,-0.756211
0.458463,-0.684795,-0.050357,0.400476,-0.947708,-0.016957,1.711225,-0.483733,4.000183,-2.939083,2.544039,-0.756211
0.49472,-0.147531,0.119209,0.460276,-0.657932,-0.041879,1.711225,-0.483733,4.000183,-2.939083,2.544039,-0.756211
0.554172,0.073308,0.331014,0.497693,-0.136489,0.129799,1.711225,-0.483733,4.000183,-2.939083,2.544039,-0.756211
0.82372,0.566258,0.878411,0.567649,0.097955,0.358384,1.711225,-0.483733,4.000183,-2.939083,2.544039,-0.756211
1.044925,1.871757,1.30373,0.83478,0.631533,0.899677,1.711225,-0.483733,4.000183,-2.939083,2.544039,-0.756211
1.171641,2.717268,1.452664,1.051261,1.914033,1.311177,1.711225,-0.483733,4.000183,-2.939083,2.544039,-0.756211
1.366477,4.000183,1.75322,1.181383,2.781414,1.467692,1.711225,-0.483733,4.000183,-2.939083,2.544039,-0.756211
1.368553,4.000183,1.632851,1.366581,4.000183,1.747202,1.711225,-0.483733,4.000183,-2.939083,2.544039,-0.756211
1.371361,4.000183,1.596472,1.368693,4.000183,1.631032,1.711225,-0.483733,4.000183,-2.939083,2.544039,-0.756211
1.383568,4.000183,1.519563,1.371971,4.000183,1.592627,1.711225,-0.483733,4.000183,-2.939083,2.544039,-0.756211
1.379418,4.000183,1.463896,1.383361,4.000183,1.51678,1.711225,-0.483733,4.000183,-2.939083,2.544039,-0.756211
1.272233,4.000183,1.43655,1.374059,4.000183,1.462529,1.711225,-0.483733,4.000183,-2.939083,2.544039,-0.756211
1.149667,4.000183,1.41189,1.266105,4.000183,1.435317,1.711225,-0.483733,4.000183,-2.939083,2.544039,-0.756211
0.929927,3.062992,1.226088,1.13868,3.953323,1.4026,1.711225,-0.483733,4.000183,-2.939083,2.544039,-0.756211
0.808826,2.0893,0.952634,0.923872,3.014307,1.212415,1.711225,-0.483733,4.000183,-2.939083,2.544039,-0.756211
0.546359,0.675151,0.631081,0.795703,2.018593,0.936556,1.711225,-0.483733,4.000183,-2.939083,2.544039,-0.756211
0.380822,-0.089056,0.574437,0.538082,0.636941,0.628249,1.711225,-0.483733,4.000183,-2.939083,2.544039,-0.756211
0.162547,-0.61985,0.460172,0.369908,-0.115596,0.568724,1.711225,-0.483733,4.000183,-2.939083,2.544039,-0.756211
0.033877,-0.764878,0.367149,0.156113,-0.627101,0.455521,1.711225,-0.483733,4.000183,-2.939083,2.544039,-0.756211
-0.232619,-1.131844,0.014222,0.020552,-0.783226,0.349503,1.711225,-0.483733,4.000183,-2.939083,2.544039,-0.756211
-0.375938,-1.739059,-0.314289,-0.239785,-1.162205,-0.002204,1.711225,-0.483733,4.000183,-2.939083,2.544039,-0.756211
-0.439053,-2.010804,-0.357505,-0.379094,-1.752646,-0.31645,1.711225,-0.483733,4.000183,-2.939083,2.544039,-0.756211
-0.460538,-2.621681,-0.261063,-0.440127,-2.041348,-0.352683,1.711225,-0.483733,4.000183,-2.939083,2.544039,-0.756211
-0.302814,-2.719099,-0.232497,-0.452652,-2.626552,-0.259635,1.711225,-0.483733,4.000183,-2.939083,2.544039,-0.756211
0.094183,-2.27083,-0.140695,-0.282964,-2.696686,-0.227907,1.711225,-0.483733,4.000183,-2.939083,2.544039,-0.756211
0.471647,-1.568394,-0.065006,0.113056,-2.235708,-0.136911,1.711225,-0.483733,4.000183,-2.939083,2.544039,-0.756211
0.665995,-0.792712,-0.016664,0.481364,-1.52961,-0.062589,1.711225,-0.483733,4.000183,-2.939083,2.544039,-0.756211
0.711652,-0.441616,0.104926,0.668278,-0.775157,-0.010585,1.711225,-0.483733,4.000183,-2.939083,2.544039,-0.756211
0.72447,-0.247268,0.221998,0.712293,-0.431899,0.11078,1.711225,-0.483733,4.000183,-2.939083,2.544039,-0.756211
0.783678,0.368248,0.739974,0.72743,-0.216492,0.247897,1.711225,-0.483733,4.000183,-2.939083,2.544039,-0.756211
0.817127,0.821889,1.042239,0.78535,0.39093,0.755087,1.711225,-0.483733,4.000183,-2.939083,2.544039,-0.756211
0.794421,2.234328,1.884331,0.815992,0.892511,1.084344,1.711225,-0.483733,4.000183,-2.939083,2.544039,-0.756211
